Enzyme	Regex		
Trypsin	"r""[K, R][^P]"""		
Trypsin(low specificity)	"r""[K, R]"""		
Trypsin(high specificity)	"r""K[^P]"""	"r""R[^P, R]"""	
Trypsin/CNBr	"r""[K, R, M][^P]"""		
Lys C	"r""K."""		
Lys N	"r"".K"""		
CNBr	"r""M."""		
Arg C	"r""R[^P]"""		
Asp N	"r"".D"""		
Glu N	"r"".E"""		
Asp N/Glu N	"r"".D"""	"r"".E"""	
Asp N/Lys C	"r"".D"""	"r""K."""	
Asp N/Glu N/Lys C	"r"".D"""	"r"".E"""	"r""K."""
Glu C(bicarbonate)	"r""E[^E, P]"""		
Glu C(phosphate)	"r""E[^E, P]"""	"r""D[^E]"""	
Asp N/Glu C(bicarbonate)	"r"".D"""	"r""E."""	
Lys C/Glu C(phosphate)	"r""K."""	"r""E[^E, P]"""	"r""D[^E]"""
Chymotrypsin	"r""[F, Y, W][^P]"""		
Chymotrypsin(low specificity)	"r""[F, Y, W, L, X][^P]"""		
Trypsin/Chymotrypsin	"r""[F, Y, W, L, X, K, R][^P]"""		
MAFA	"r""D."""		
